{"loss": 3.2876436710357666, "learning_rate": 0.003, "epoch": 1, "best_epoch": 0, "nb_chev_filter": 32, "batch_size": 4, "len_input": 4, "window_size": 4, "nb_time_filter": 64, "nb_block": 2, "num_for_predict": 1, "model_name": "GAT-LSTM-F(4)-L", "_timestamp": 1656429176, "_runtime": 15, "_step": 2, "MAE0": 1.1434450149536133, "MSE0": 6.7439188957214355, "RMSE0": 2.5969056385863225, "MAPE0": 47.32368290424347, "MAE_ALL": 1.1434448957443237, "MSE_ALL": 6.7439188957214355, "RMSE_ALL": 2.5969056385863225, "MAPE_ALL": 47.32368290424347, "_wandb": {"runtime": 15}}